anio,pib
2020,624591.2861529794
2021,689809.9340338551
2022,731341.6337271854
2023,717769.4832113908
2024,708130.3362863973
2025,2222510.6315536895
